---,,,,,,,,,,,,,,,
Burgers,Frozen Burgers,Pickles,Ketchup,Mustard,Lettuce,Tomato,,,,,,,,,
Burgers - Scratch,Ground Beef,Eggs,Onions,Worcestershire Sauce,Bread Crumbs,Garlic,Salt & Pepper,Ketchup,Mustard,Pickles,Cheese,Tomato,,,
Burgers - Chicken,Ground Chicken,Parsley,Spinach,Yellow Onion,Garlic,Thyme,Basil,Garlic Powder,Salt & Pepper,Pickles,Tomato,Cheese,,,
Butter Chicken,Chicken,Rice,Butter Chicken Sauce,,,,,,,,,,,,
Cauliflower Curried Soup,Carrots,Cauliflower,Olive Oil,Garlic,Salt & Pepper,Vegetable Broth,Curry Powder,Coconut Milk,Lime Juice,,,,,,
Chicken - Grilled,Balsamic Vinegar,Lemon,Olive Oil,Dijon Mustard,Brown Sugar,Worcestershire Sauce,Garlic,Thyme,Oregano,Rosemary,Salt & Pepper,Chicken,Parsley,,
Chicken & Veggie Soup,Garlic,Sweet Potato,Carrots,Butternut Squash,Onions,Coconut Oil,Salt & Pepper,Chicken Stock,Chicken,Parsley,Thyme,Rosemary,Oregano,Spinach,
Chicken - BBQ Marinade,Chicken,Salad Dressing,,,,,,,,,,,,,
Chicken - Cashew,Olive Oil,Chicken,Salt & Pepper,Raw Cashews,Green Onions,Low Na Soy Sauce,Ketchup,Rice Vinegar,Brown Sugar,Garlic,Ginger,Red Pepper Flakes,,,
Chicken - Ceaser,Chicken,Olive Oil,Garlic,Eggs,Dijon Mustard,Red Wine Vinegar,Worcestershire Sauce,,,,,,,,
Chicken - Easy Roast,Chicken,Soy Sauce,Brown Sugar,Red Wine Vinegar,Olive Oil,Green Onions,Garlic,Parsley,Salt & Pepper,,,,,,
Chicken - Honey Mustard,Chicken,Dry Mustard,Curry Powder,Honey,,,,,,,,,,,
Chicken - Pot Pie,Costco Chicken Pot Pie,,,,,,,,,,,,,,
Chicken - Shredded,Chicken,Salt & Pepper,Chicken Broth,Butter,,,,,,,,,,,
Chicken - Taco Casserole,Jasmine Rice,Lime Juice,Cilantro,Chicken,Chili Powder,Cumin,Onion Powder,Garlic Powder,Salt & Pepper,Salsa,Coconut Milk,Pico,,,
Crepes,Flour,Eggs,Milk,Olive Oil,Salt,,,,,,,,,,
Ham & Ham Sauce,Raisins,Cloves,Cinnamon,Sugar,Cornstarch,Butter,Vinegar,Lemon Juice,Orange Juice,Dried Rosemary,Coconut Oil,Orange,Apple Cider Vinegar,,
Rubbed Sirloin Roast,Sirloin,Paprika,Salt,Garlic Powder,Ground Pepper,Onion Powder,Cayenne Pepper,Oregano,Thyme,Olive Oil,,,,,
Korean Beef,Beef Broth,Soy Sauce,Brown Sugar,Garlic,Sesame Oil,Rice Wine Vinegar,Ginger,Sirracha,Onion Powder,White Pepper,Beef,Cornstarch,Sesame Seeds,Green Onions,
Lairds Meatloaf,Gound Beef,Ground Turkey,Corn Niblets,Cheese,Oats,Eggs,Salt & Pepper,Olive Oil,Onions,Kale,BBQ Sauce,,,,
Lausagna,Onions,Garlic,Tomato Paste,Red Wine Vinegar,Cottage Cheese,Spinach,Eggs,Nutmeg,Lasagne Noodle,Mozzarella Cheese,Parmesan Cheese,Ground Meat,Basil,,
Meatball - Asian Turkey,Ground Turkey,Bread Crumbs,Garlic,Green Onions,Eggs,Sesame Oil,Soy Sauce,Hoisin Sauce,Soy Sauce,Sesame Oil,Green Onions,Sesame Seeds,,,
Meatball - Buffalo Chicken,Butter,Celery,Onions,Garlic Powder,Ground Chicken,Almond Flour,Hot Sauce,Chicken Broth,Ranch,Green Onions,Coconut Aminos,Garlic Powder,Salt & Pepper,Tapioca,
Meatball - Curry,Gound Beef,Yellow Onion,Almond Flour,Eggs,Curry Powder,Garam Masala,Ginger,Cinnamon,Salt & Pepper,Coconut Oil,Coconut Milk,Chicken Broth,,,
Meatball - Greek Turkey,Ground Turkey,Bread Crumbs,Red Onions,Garlic,Lemon Zest,Oregano,Cumin,Salt & Pepper,Greek Yogurt,Cucumbers,Garlic,Dill,Lemon Juice,Mint,Olive Oil
Pasta,Ground Meat,Thick & Rich,,,,,,,,,,,,,
PF Chang Lettuce Wraps,Olive Oil,Ground Chicken,Garlic,Onions,Hoisin Sauce,Soy Sauce,Rice Wine Vinegar,Ginger,Sirracha,Water Chestnuts,Green Onions,Salt & Pepper,,,
Pizza,Pizza Bread,BBQ Sauce,Onions,Bell Peppers,Cheese,Chicken,Spinach,,,,,,,,
Skiors,Chicken,Onions,Bell Peppers,Salad Dressing,Bok Choy,Potatoes,,,,,,,,,
Smokies,Smokies,Ketchup,Mustard,Pickles,BBQ Sauce,,,,,,,,,,
Spicy Udon Stir Fry,Olive Oil,Onions,Carrots,Green Onions,Spinach,Udon Noodles,Sirracha,Red Wine Vinegar,Soy Sauce,Sesame Oil,Brown Sugar,Garlic,Ginger,,
Spinach Pasta,Penne Noodles,Onions,Garlic,Canned Diced Tomatoes,Oregano,Basil,Red Pepper Flakes,Salt & Pepper,Tomato Paste,Cream Cheese,Parmesan Cheese,Spinach,,,
Steak,Steak,Brown Sugar,Worcestershire Sauce,Garlic,Dijon Mustard,Red Wine Vinegar,Hot Sauce,,,,,,,,
Stir Fry,Bell Peppers,Rice Noodles,Panda Sauce,Onions,Meat,Zucchini,,,,,,,,,
Stroganoff - Beef,Onions,Green Bell Pepper,Butter,Steak,Salt & Pepper,Worcestershire Sauce,Cream of Chicken Soup,Mushrooms,Water Chestnuts,Sour Cream,,,,,
Stroganoff - Short,Olive Oil,Beef,Cream of Mushroom Soup,Beef Broth,Worcestershire Sauce,Pasta Noodles,Sour Cream,,,,,,,,
Sweet Potato Chicken,Chicken,Sweet Potato,Smoked Paprika,Garlic Powder,Hot Sauce,Olive Oil,Bacon,Green Onions,Salt & Pepper,,,,,,
Taco,Wraps,Ground Beef,Taco Seasoning,Salsa,Sour Cream,Hot Sauce,Cheese,Lettuce,Avocado,,,,,,
Tenderloin - Balsamic Honey,Honey,Dijon Mustard,Balsamic Vinegar,Olive Oil,Garlic,Salt & Pepper,Pork Tenderloin,,,,,,,,
Tenderloin - Maple Dijon,Garlic,Tarragon,Maple Syrup,Apple Cider Vinegar,Dijon Mustard,Salt & Pepper,Pork Tenderloin,Prosciutto,Olive Oil,Greens,Pears,,,,
